date;ch.zrh_airport_arrival.total;ch.zrh_airport_departure.total
01.01.2011;259;277
02.01.2011;358;346
03.01.2011;329;326
04.01.2011;313;311
05.01.2011;332;330
06.01.2011;310;311
07.01.2011;333;329
08.01.2011;325;321
09.01.2011;347;357
10.01.2011;355;352
11.01.2011;343;335
12.01.2011;357;363
13.01.2011;335;346
14.01.2011;346;357
15.01.2011;299;306
16.01.2011;317;315
17.01.2011;346;337
18.01.2011;344;336
19.01.2011;356;362
20.01.2011;345;343
21.01.2011;370;366
22.01.2011;298;303
23.01.2011;321;330
24.01.2011;350;349
25.01.2011;410;384
26.01.2011;422;393
27.01.2011;381;381
28.01.2011;414;415
29.01.2011;360;396
30.01.2011;359;362
31.01.2011;366;363
01.02.2011;340;333
02.02.2011;359;358
03.02.2011;359;362
04.02.2011;354;352
05.02.2011;310;317
06.02.2011;342;336
07.02.2011;360;363
08.02.2011;341;334
09.02.2011;364;367
10.02.2011;357;360
11.02.2011;363;371
12.02.2011;316;316
13.02.2011;331;320
14.02.2011;363;363
15.02.2011;345;340
16.02.2011;368;371
17.02.2011;356;360
18.02.2011;376;373
19.02.2011;331;329
20.02.2011;341;344
21.02.2011;358;361
22.02.2011;347;342
23.02.2011;359;366
24.02.2011;365;360
25.02.2011;374;373
26.02.2011;325;327
27.02.2011;348;345
28.02.2011;367;362
01.03.2011;349;353
02.03.2011;349;354
03.03.2011;355;359
04.03.2011;371;374
05.03.2011;311;311
06.03.2011;335;329
07.03.2011;348;348
08.03.2011;360;348
09.03.2011;366;365
10.03.2011;362;362
11.03.2011;360;353
12.03.2011;313;323
13.03.2011;339;336
14.03.2011;359;360
15.03.2011;356;349
16.03.2011;371;377
17.03.2011;351;360
18.03.2011;365;365
19.03.2011;325;320
20.03.2011;330;335
21.03.2011;363;368
22.03.2011;343;339
23.03.2011;384;368
24.03.2011;351;358
25.03.2011;367;366
26.03.2011;314;328
27.03.2011;355;343
28.03.2011;366;368
29.03.2011;358;355
30.03.2011;384;387
31.03.2011;369;374
01.04.2011;376;382
02.04.2011;323;321
03.04.2011;351;348
04.04.2011;365;358
05.04.2011;366;367
06.04.2011;382;380
07.04.2011;396;395
08.04.2011;375;386
09.04.2011;321;326
10.04.2011;343;344
11.04.2011;372;362
12.04.2011;374;371
13.04.2011;393;394
14.04.2011;378;382
15.04.2011;388;398
16.04.2011;335;339
17.04.2011;369;365
18.04.2011;371;363
19.04.2011;351;360
20.04.2011;385;389
21.04.2011;383;392
22.04.2011;337;343
23.04.2011;318;324
24.04.2011;320;313
25.04.2011;357;347
26.04.2011;371;359
27.04.2011;387;379
28.04.2011;373;378
29.04.2011;386;399
30.04.2011;342;348
01.05.2011;373;372
02.05.2011;388;376
03.05.2011;373;370
04.05.2011;404;408
05.05.2011;387;390
06.05.2011;391;394
07.05.2011;329;332
08.05.2011;374;372
09.05.2011;395;388
10.05.2011;375;369
11.05.2011;390;391
12.05.2011;390;399
13.05.2011;387;394
14.05.2011;335;338
15.05.2011;365;367
16.05.2011;399;389
17.05.2011;383;376
18.05.2011;400;408
19.05.2011;388;393
20.05.2011;392;382
21.05.2011;344;348
22.05.2011;388;372
23.05.2011;394;384
24.05.2011;384;398
25.05.2011;397;395
26.05.2011;388;395
27.05.2011;395;405
28.05.2011;341;349
29.05.2011;377;372
30.05.2011;386;382
31.05.2011;388;380
01.06.2011;404;421
02.06.2011;357;364
03.06.2011;368;367
04.06.2011;333;335
05.06.2011;419;401
06.06.2011;392;390
07.06.2011;374;380
08.06.2011;400;396
09.06.2011;406;409
10.06.2011;416;436
11.06.2011;353;353
12.06.2011;368;372
13.06.2011;392;376
14.06.2011;391;399
15.06.2011;403;399
16.06.2011;391;401
17.06.2011;400;412
18.06.2011;341;336
19.06.2011;386;377
20.06.2011;396;395
21.06.2011;390;389
22.06.2011;393;397
23.06.2011;387;385
24.06.2011;394;397
25.06.2011;342;347
26.06.2011;389;380
27.06.2011;398;394
28.06.2011;388;396
29.06.2011;389;396
30.06.2011;418;404
01.07.2011;402;419
02.07.2011;366;363
03.07.2011;387;379
04.07.2011;397;391
05.07.2011;379;384
06.07.2011;398;396
07.07.2011;403;407
08.07.2011;398;407
09.07.2011;374;373
10.07.2011;382;378
11.07.2011;378;374
12.07.2011;383;376
13.07.2011;397;403
14.07.2011;396;392
15.07.2011;403;415
16.07.2011;383;375
17.07.2011;383;388
18.07.2011;407;398
19.07.2011;370;366
20.07.2011;389;388
21.07.2011;399;396
22.07.2011;403;406
23.07.2011;377;381
24.07.2011;385;388
25.07.2011;386;386
26.07.2011;368;366
27.07.2011;387;385
28.07.2011;372;381
29.07.2011;401;404
30.07.2011;368;378
31.07.2011;388;375
01.08.2011;404;395
02.08.2011;375;375
03.08.2011;388;390
04.08.2011;373;373
05.08.2011;396;395
06.08.2011;368;383
07.08.2011;384;373
08.08.2011;384;379
09.08.2011;365;369
10.08.2011;384;391
11.08.2011;375;372
12.08.2011;381;399
13.08.2011;382;368
14.08.2011;387;388
15.08.2011;389;383
16.08.2011;372;378
17.08.2011;394;388
18.08.2011;375;389
19.08.2011;400;408
20.08.2011;366;365
21.08.2011;394;377
22.08.2011;384;376
23.08.2011;385;400
24.08.2011;388;385
25.08.2011;382;386
26.08.2011;385;388
27.08.2011;347;344
28.08.2011;388;380
29.08.2011;385;393
30.08.2011;389;392
31.08.2011;409;412
01.09.2011;403;407
02.09.2011;415;417
03.09.2011;362;372
04.09.2011;384;373
05.09.2011;397;393
06.09.2011;375;382
07.09.2011;404;403
08.09.2011;396;397
09.09.2011;409;416
10.09.2011;363;371
11.09.2011;391;391
12.09.2011;404;392
13.09.2011;385;387
14.09.2011;414;400
15.09.2011;410;411
16.09.2011;408;422
17.09.2011;351;357
18.09.2011;395;381
19.09.2011;401;396
20.09.2011;389;391
21.09.2011;409;405
22.09.2011;388;391
23.09.2011;397;422
24.09.2011;348;345
25.09.2011;398;386
26.09.2011;404;394
27.09.2011;382;393
28.09.2011;409;403
29.09.2011;399;405
30.09.2011;421;419
01.10.2011;364;364
02.10.2011;391;393
03.10.2011;379;382
04.10.2011;387;392
05.10.2011;390;396
06.10.2011;404;403
07.10.2011;407;401
08.10.2011;371;367
09.10.2011;393;392
10.10.2011;401;390
11.10.2011;375;389
12.10.2011;399;394
13.10.2011;377;384
14.10.2011;402;407
15.10.2011;371;365
16.10.2011;396;395
17.10.2011;388;390
18.10.2011;386;386
19.10.2011;382;379
20.10.2011;387;391
21.10.2011;403;404
22.10.2011;360;355
23.10.2011;378;381
24.10.2011;391;384
25.10.2011;375;378
26.10.2011;378;390
27.10.2011;377;370
28.10.2011;387;383
29.10.2011;328;336
30.10.2011;351;348
31.10.2011;369;360
01.11.2011;348;356
02.11.2011;359;364
03.11.2011;362;357
04.11.2011;361;362
05.11.2011;311;311
06.11.2011;350;350
07.11.2011;362;359
08.11.2011;345;350
09.11.2011;362;365
10.11.2011;362;359
11.11.2011;360;368
12.11.2011;312;312
13.11.2011;347;336
14.11.2011;358;346
15.11.2011;337;340
16.11.2011;370;369
17.11.2011;359;374
18.11.2011;360;358
19.11.2011;314;315
20.11.2011;318;331
21.11.2011;348;343
22.11.2011;318;319
23.11.2011;363;359
24.11.2011;355;340
25.11.2011;365;379
26.11.2011;301;313
27.11.2011;339;330
28.11.2011;366;371
29.11.2011;341;333
30.11.2011;372;369
01.12.2011;365;361
02.12.2011;369;377
03.12.2011;310;311
04.12.2011;325;322
05.12.2011;357;359
06.12.2011;338;340
07.12.2011;358;355
08.12.2011;355;360
09.12.2011;373;366
10.12.2011;305;312
11.12.2011;344;338
12.12.2011;360;360
13.12.2011;348;340
14.12.2011;368;376
15.12.2011;366;369
16.12.2011;307;304
17.12.2011;309;318
18.12.2011;332;325
19.12.2011;349;345
20.12.2011;319;319
21.12.2011;359;364
22.12.2011;362;355
23.12.2011;373;378
24.12.2011;278;280
25.12.2011;239;243
26.12.2011;292;301
27.12.2011;299;299
28.12.2011;333;313
29.12.2011;312;319
30.12.2011;322;325
31.12.2011;255;254
01.01.2012;271;274
02.01.2012;361;355
03.01.2012;315;318
04.01.2012;332;334
05.01.2012;282;278
06.01.2012;325;331
07.01.2012;306;312
08.01.2012;354;351
09.01.2012;343;352
10.01.2012;348;340
11.01.2012;353;347
12.01.2012;350;350
13.01.2012;352;353
14.01.2012;299;303
15.01.2012;320;320
16.01.2012;340;346
17.01.2012;323;319
18.01.2012;344;360
19.01.2012;337;328
20.01.2012;354;354
21.01.2012;298;299
22.01.2012;323;323
23.01.2012;348;350
24.01.2012;383;371
25.01.2012;427;390
26.01.2012;373;367
27.01.2012;378;383
28.01.2012;354;390
29.01.2012;344;360
30.01.2012;353;349
31.01.2012;338;323
01.02.2012;345;352
02.02.2012;342;341
03.02.2012;352;347
04.02.2012;293;302
05.02.2012;313;311
06.02.2012;343;345
07.02.2012;314;310
08.02.2012;347;355
09.02.2012;337;340
10.02.2012;362;360
11.02.2012;314;316
12.02.2012;333;321
13.02.2012;339;349
14.02.2012;319;315
15.02.2012;318;326
16.02.2012;333;329
17.02.2012;346;337
18.02.2012;321;332
19.02.2012;347;346
20.02.2012;348;346
21.02.2012;327;333
22.02.2012;350;351
23.02.2012;338;331
24.02.2012;350;348
25.02.2012;318;319
26.02.2012;338;344
27.02.2012;345;346
28.02.2012;329;327
29.02.2012;343;344
01.03.2012;349;351
02.03.2012;359;360
03.03.2012;309;313
04.03.2012;344;343
05.03.2012;357;354
06.03.2012;340;340
07.03.2012;380;364
08.03.2012;367;369
09.03.2012;382;375
10.03.2012;309;326
11.03.2012;338;340
12.03.2012;363;370
13.03.2012;346;343
14.03.2012;358;359
15.03.2012;338;346
16.03.2012;379;364
17.03.2012;326;328
18.03.2012;336;338
19.03.2012;352;350
20.03.2012;358;356
21.03.2012;353;355
22.03.2012;355;354
23.03.2012;380;379
24.03.2012;310;325
25.03.2012;344;341
26.03.2012;375;370
27.03.2012;355;354
28.03.2012;388;389
29.03.2012;361;359
30.03.2012;372;382
31.03.2012;331;330
01.04.2012;346;345
02.04.2012;358;363
03.04.2012;331;334
04.04.2012;382;383
05.04.2012;378;380
06.04.2012;343;346
07.04.2012;317;320
08.04.2012;311;311
09.04.2012;351;341
10.04.2012;360;359
11.04.2012;366;366
12.04.2012;360;358
13.04.2012;359;369
14.04.2012;335;334
15.04.2012;356;353
16.04.2012;361;353
17.04.2012;373;367
18.04.2012;383;375
19.04.2012;378;375
20.04.2012;373;396
21.04.2012;343;344
22.04.2012;362;356
23.04.2012;372;369
24.04.2012;348;348
25.04.2012;372;374
26.04.2012;372;371
27.04.2012;368;375
28.04.2012;328;337
29.04.2012;356;340
30.04.2012;359;353
01.05.2012;334;327
02.05.2012;359;372
03.05.2012;354;363
04.05.2012;383;382
05.05.2012;336;344
06.05.2012;364;352
07.05.2012;361;363
08.05.2012;360;358
09.05.2012;374;373
10.05.2012;370;377
11.05.2012;381;379
12.05.2012;345;345
13.05.2012;370;356
14.05.2012;391;388
15.05.2012;369;376
16.05.2012;385;394
17.05.2012;346;357
18.05.2012;338;338
19.05.2012;335;333
20.05.2012;384;362
21.05.2012;380;387
22.05.2012;356;352
23.05.2012;387;388
24.05.2012;371;372
25.05.2012;381;387
26.05.2012;348;354
27.05.2012;340;342
28.05.2012;368;359
29.05.2012;377;368
30.05.2012;382;393
31.05.2012;366;373
01.06.2012;389;393
02.06.2012;355;360
03.06.2012;365;362
04.06.2012;369;356
05.06.2012;354;355
06.06.2012;385;393
07.06.2012;375;376
08.06.2012;375;375
09.06.2012;352;360
10.06.2012;392;380
11.06.2012;397;378
12.06.2012;374;370
13.06.2012;399;409
14.06.2012;391;395
15.06.2012;387;398
16.06.2012;349;346
17.06.2012;377;373
18.06.2012;381;377
19.06.2012;355;358
20.06.2012;391;386
21.06.2012;389;384
22.06.2012;380;397
23.06.2012;365;372
24.06.2012;379;367
25.06.2012;375;373
26.06.2012;369;364
27.06.2012;399;387
28.06.2012;380;379
29.06.2012;399;405
30.06.2012;366;382
01.07.2012;398;391
02.07.2012;383;377
03.07.2012;369;379
04.07.2012;395;395
05.07.2012;380;377
06.07.2012;384;390
07.07.2012;379;387
08.07.2012;387;392
09.07.2012;399;385
10.07.2012;372;378
11.07.2012;389;394
12.07.2012;368;369
13.07.2012;373;375
14.07.2012;383;377
15.07.2012;384;383
16.07.2012;381;367
17.07.2012;372;382
18.07.2012;385;393
19.07.2012;381;375
20.07.2012;369;385
21.07.2012;369;368
22.07.2012;390;383
23.07.2012;376;380
24.07.2012;373;371
25.07.2012;390;378
26.07.2012;377;378
27.07.2012;384;402
28.07.2012;378;375
29.07.2012;390;386
30.07.2012;374;374
31.07.2012;364;364
01.08.2012;373;371
02.08.2012;363;360
03.08.2012;381;385
04.08.2012;383;386
05.08.2012;397;396
06.08.2012;374;364
07.08.2012;359;365
08.08.2012;375;369
09.08.2012;365;363
10.08.2012;369;384
11.08.2012;372;378
12.08.2012;405;392
13.08.2012;368;370
14.08.2012;359;364
15.08.2012;383;379
16.08.2012;370;369
17.08.2012;375;387
18.08.2012;372;369
19.08.2012;385;382
20.08.2012;381;376
21.08.2012;362;367
22.08.2012;388;378
23.08.2012;381;389
24.08.2012;382;394
25.08.2012;372;366
26.08.2012;378;375
27.08.2012;379;379
28.08.2012;356;364
29.08.2012;387;391
30.08.2012;370;372
31.08.2012;384;385
01.09.2012;359;361
02.09.2012;386;379
03.09.2012;401;391
04.09.2012;357;356
05.09.2012;391;391
06.09.2012;375;386
07.09.2012;388;389
08.09.2012;355;365
09.09.2012;401;382
10.09.2012;386;384
11.09.2012;371;366
12.09.2012;398;404
13.09.2012;395;385
14.09.2012;383;403
15.09.2012;357;359
16.09.2012;394;380
17.09.2012;388;388
18.09.2012;367;362
19.09.2012;377;389
20.09.2012;386;386
21.09.2012;395;400
22.09.2012;357;356
23.09.2012;388;376
24.09.2012;383;377
25.09.2012;377;383
26.09.2012;384;381
27.09.2012;381;385
28.09.2012;393;402
29.09.2012;372;375
30.09.2012;401;391
01.10.2012;383;378
02.10.2012;375;376
03.10.2012;384;387
04.10.2012;374;377
05.10.2012;395;393
06.10.2012;369;373
07.10.2012;391;384
08.10.2012;381;386
09.10.2012;351;359
10.10.2012;405;401
11.10.2012;369;375
12.10.2012;388;388
13.10.2012;363;366
14.10.2012;390;384
15.10.2012;373;369
16.10.2012;357;359
17.10.2012;374;379
18.10.2012;375;370
19.10.2012;377;388
20.10.2012;349;352
21.10.2012;393;378
22.10.2012;365;358
23.10.2012;362;362
24.10.2012;382;382
25.10.2012;372;377
26.10.2012;370;363
27.10.2012;308;322
28.10.2012;345;331
29.10.2012;349;341
30.10.2012;327;330
31.10.2012;347;349
01.11.2012;334;336
02.11.2012;339;353
03.11.2012;303;308
04.11.2012;333;327
05.11.2012;347;343
06.11.2012;316;319
07.11.2012;355;355
08.11.2012;339;336
09.11.2012;353;361
10.11.2012;303;305
11.11.2012;325;319
12.11.2012;361;354
13.11.2012;317;315
14.11.2012;354;350
15.11.2012;335;339
16.11.2012;351;352
17.11.2012;293;301
18.11.2012;328;322
19.11.2012;348;345
20.11.2012;323;319
21.11.2012;346;352
22.11.2012;334;329
23.11.2012;349;351
24.11.2012;298;310
25.11.2012;330;326
26.11.2012;358;349
27.11.2012;329;332
28.11.2012;345;343
29.11.2012;311;314
30.11.2012;358;358
01.12.2012;297;299
02.12.2012;313;320
03.12.2012;356;344
04.12.2012;319;321
05.12.2012;333;333
06.12.2012;340;342
07.12.2012;320;312
08.12.2012;277;298
09.12.2012;311;305
10.12.2012;325;322
11.12.2012;312;311
12.12.2012;336;335
13.12.2012;337;341
14.12.2012;344;347
15.12.2012;306;302
16.12.2012;314;323
17.12.2012;341;342
18.12.2012;326;321
19.12.2012;351;348
20.12.2012;333;336
21.12.2012;363;367
22.12.2012;334;334
23.12.2012;314;316
24.12.2012;259;254
25.12.2012;220;216
26.12.2012;297;302
27.12.2012;307;302
28.12.2012;324;325
29.12.2012;303;318
30.12.2012;307;302
31.12.2012;254;251
01.01.2013;248;257
02.01.2013;331;323
03.01.2013;318;312
04.01.2013;337;338
05.01.2013;325;332
06.01.2013;349;339
07.01.2013;332;333
08.01.2013;311;318
09.01.2013;327;330
10.01.2013;333;328
11.01.2013;335;336
12.01.2013;291;295
13.01.2013;322;328
14.01.2013;322;320
15.01.2013;308;307
16.01.2013;331;326
17.01.2013;314;307
18.01.2013;326;340
19.01.2013;299;304
20.01.2013;302;298
21.01.2013;320;324
22.01.2013;384;362
23.01.2013;400;384
24.01.2013;360;369
25.01.2013;406;398
26.01.2013;343;375
27.01.2013;332;349
28.01.2013;333;330
29.01.2013;314;307
30.01.2013;334;338
31.01.2013;330;318
01.02.2013;344;338
02.02.2013;299;305
03.02.2013;324;331
04.02.2013;328;325
05.02.2013;307;305
06.02.2013;338;338
07.02.2013;318;312
08.02.2013;345;347
09.02.2013;302;310
10.02.2013;318;323
11.02.2013;313;304
12.02.2013;309;302
13.02.2013;338;344
14.02.2013;326;334
15.02.2013;344;340
16.02.2013;318;316
17.02.2013;324;324
18.02.2013;320;333
19.02.2013;311;302
20.02.2013;336;339
21.02.2013;330;328
22.02.2013;334;333
23.02.2013;305;311
24.02.2013;330;329
25.02.2013;343;330
26.02.2013;323;325
27.02.2013;342;348
28.02.2013;346;339
01.03.2013;351;357
02.03.2013;313;313
03.03.2013;333;340
04.03.2013;337;334
05.03.2013;335;324
06.03.2013;357;355
07.03.2013;335;343
08.03.2013;339;341
09.03.2013;306;315
10.03.2013;329;335
11.03.2013;335;326
12.03.2013;305;305
13.03.2013;336;330
14.03.2013;342;339
15.03.2013;355;353
16.03.2013;302;308
17.03.2013;322;323
18.03.2013;334;333
19.03.2013;338;346
20.03.2013;340;342
21.03.2013;345;344
22.03.2013;362;356
23.03.2013;312;327
24.03.2013;332;323
25.03.2013;323;326
26.03.2013;333;319
27.03.2013;355;355
28.03.2013;352;357
29.03.2013;333;339
30.03.2013;306;307
31.03.2013;297;296
01.04.2013;352;340
02.04.2013;344;348
03.04.2013;343;344
04.04.2013;349;353
05.04.2013;366;368
06.04.2013;326;331
07.04.2013;357;348
08.04.2013;367;364
09.04.2013;343;347
10.04.2013;357;351
11.04.2013;354;362
12.04.2013;370;372
13.04.2013;335;341
14.04.2013;366;352
15.04.2013;362;362
16.04.2013;347;350
17.04.2013;364;370
18.04.2013;357;361
19.04.2013;373;369
20.04.2013;318;329
21.04.2013;362;357
22.04.2013;330;328
23.04.2013;344;346
24.04.2013;359;355
25.04.2013;364;369
26.04.2013;381;375
27.04.2013;328;341
28.04.2013;363;348
29.04.2013;362;371
30.04.2013;343;344
01.05.2013;355;341
02.05.2013;341;352
03.05.2013;367;371
04.05.2013;330;332
05.05.2013;362;356
06.05.2013;356;358
07.05.2013;354;350
08.05.2013;368;377
09.05.2013;336;336
10.05.2013;348;351
11.05.2013;331;333
12.05.2013;392;373
13.05.2013;375;379
14.05.2013;349;345
15.05.2013;371;375
16.05.2013;388;386
17.05.2013;390;408
18.05.2013;338;347
19.05.2013;335;336
20.05.2013;388;363
21.05.2013;347;347
22.05.2013;390;378
23.05.2013;379;387
24.05.2013;377;393
25.05.2013;338;347
26.05.2013;368;361
27.05.2013;378;372
28.05.2013;341;345
29.05.2013;375;363
30.05.2013;351;354
31.05.2013;365;367
01.06.2013;337;343
02.06.2013;370;365
03.06.2013;381;381
04.06.2013;371;360
05.06.2013;369;369
06.06.2013;352;359
07.06.2013;384;381
08.06.2013;346;355
09.06.2013;367;358
10.06.2013;397;381
11.06.2013;367;357
12.06.2013;364;385
13.06.2013;368;376
14.06.2013;393;396
15.06.2013;350;353
16.06.2013;378;375
17.06.2013;371;369
18.06.2013;371;363
19.06.2013;376;383
20.06.2013;378;372
21.06.2013;385;396
22.06.2013;361;366
23.06.2013;365;365
24.06.2013;389;383
25.06.2013;360;368
26.06.2013;384;390
27.06.2013;372;376
28.06.2013;405;397
29.06.2013;350;359
30.06.2013;383;366
01.07.2013;385;393
02.07.2013;364;369
03.07.2013;375;367
04.07.2013;375;378
05.07.2013;392;414
06.07.2013;370;367
07.07.2013;385;375
08.07.2013;394;399
09.07.2013;365;365
10.07.2013;386;377
11.07.2013;376;380
12.07.2013;394;408
13.07.2013;377;394
14.07.2013;384;370
15.07.2013;396;383
16.07.2013;364;359
17.07.2013;379;385
18.07.2013;368;380
19.07.2013;399;396
20.07.2013;372;374
21.07.2013;396;375
22.07.2013;380;395
23.07.2013;357;361
24.07.2013;382;377
25.07.2013;370;367
26.07.2013;396;407
27.07.2013;374;383
28.07.2013;386;377
29.07.2013;380;378
30.07.2013;367;364
31.07.2013;378;376
01.08.2013;362;368
02.08.2013;388;384
03.08.2013;367;368
04.08.2013;386;377
05.08.2013;377;373
06.08.2013;351;350
07.08.2013;371;374
08.08.2013;364;358
09.08.2013;381;393
10.08.2013;376;377
11.08.2013;397;393
12.08.2013;386;388
13.08.2013;354;356
14.08.2013;377;381
15.08.2013;367;361
16.08.2013;397;402
17.08.2013;365;368
18.08.2013;385;375
19.08.2013;373;368
20.08.2013;351;353
21.08.2013;378;372
22.08.2013;368;373
23.08.2013;380;396
24.08.2013;351;356
25.08.2013;379;360
26.08.2013;380;372
27.08.2013;361;367
28.08.2013;390;388
29.08.2013;371;377
30.08.2013;384;401
31.08.2013;352;353
01.09.2013;371;360
02.09.2013;391;393
03.09.2013;367;363
04.09.2013;381;392
05.09.2013;365;374
06.09.2013;373;369
07.09.2013;350;349
08.09.2013;373;376
09.09.2013;393;383
10.09.2013;367;364
11.09.2013;390;380
12.09.2013;373;374
13.09.2013;386;387
14.09.2013;340;346
15.09.2013;383;370
16.09.2013;388;395
17.09.2013;353;365
18.09.2013;384;379
19.09.2013;379;376
20.09.2013;385;380
21.09.2013;353;344
22.09.2013;387;373
23.09.2013;381;372
24.09.2013;355;367
25.09.2013;369;374
26.09.2013;366;358
27.09.2013;392;379
28.09.2013;360;372
29.09.2013;380;384
30.09.2013;394;379
01.10.2013;360;365
02.10.2013;378;382
03.10.2013;374;371
04.10.2013;384;397
05.10.2013;356;356
06.10.2013;367;370
07.10.2013;373;373
08.10.2013;358;357
09.10.2013;387;384
10.10.2013;357;356
11.10.2013;386;393
12.10.2013;358;365
13.10.2013;387;368
14.10.2013;391;376
15.10.2013;353;369
16.10.2013;379;380
17.10.2013;368;366
18.10.2013;372;386
19.10.2013;360;355
20.10.2013;378;374
21.10.2013;366;365
22.10.2013;348;348
23.10.2013;357;359
24.10.2013;355;348
25.10.2013;360;375
26.10.2013;314;319
27.10.2013;335;319
28.10.2013;329;330
29.10.2013;343;338
30.10.2013;338;351
31.10.2013;328;326
01.11.2013;342;334
02.11.2013;288;300
03.11.2013;330;323
04.11.2013;330;326
05.11.2013;320;315
06.11.2013;324;338
07.11.2013;326;328
08.11.2013;349;351
09.11.2013;288;291
10.11.2013;324;321
11.11.2013;331;333
12.11.2013;327;317
13.11.2013;328;330
14.11.2013;330;343
15.11.2013;340;335
16.11.2013;288;286
17.11.2013;318;321
18.11.2013;327;330
19.11.2013;316;307
20.11.2013;333;336
21.11.2013;321;315
22.11.2013;336;339
23.11.2013;283;289
24.11.2013;319;318
25.11.2013;329;326
26.11.2013;318;312
27.11.2013;333;339
28.11.2013;318;315
29.11.2013;342;340
30.11.2013;275;282
01.12.2013;316;315
02.12.2013;330;316
03.12.2013;309;313
04.12.2013;331;334
05.12.2013;318;307
06.12.2013;319;333
07.12.2013;285;286
08.12.2013;313;312
09.12.2013;340;334
10.12.2013;314;310
11.12.2013;319;331
12.12.2013;327;318
13.12.2013;342;346
14.12.2013;280;287
15.12.2013;312;308
16.12.2013;303;306
17.12.2013;320;307
18.12.2013;337;340
19.12.2013;336;337
20.12.2013;348;353
21.12.2013;324;318
22.12.2013;320;323
23.12.2013;284;289
24.12.2013;229;218
25.12.2013;211;211
26.12.2013;272;277
27.12.2013;319;316
28.12.2013;303;304
29.12.2013;299;302
30.12.2013;283;286
31.12.2013;219;212
01.01.2014;240;249
02.01.2014;316;305
03.01.2014;322;327
04.01.2014;316;318
05.01.2014;335;335
06.01.2014;306;309
07.01.2014;304;301
08.01.2014;304;312
09.01.2014;309;308
10.01.2014;323;320
11.01.2014;283;293
12.01.2014;306;310
13.01.2014;331;325
14.01.2014;297;295
15.01.2014;314;311
16.01.2014;309;303
17.01.2014;336;337
18.01.2014;286;292
19.01.2014;302;309
20.01.2014;329;326
21.01.2014;402;362
22.01.2014;360;357
23.01.2014;345;342
24.01.2014;391;403
25.01.2014;335;367
26.01.2014;331;333
27.01.2014;320;322
28.01.2014;295;286
29.01.2014;316;324
30.01.2014;326;323
31.01.2014;333;335
01.02.2014;283;287
02.02.2014;311;315
03.02.2014;326;328
04.02.2014;304;292
05.02.2014;316;319
06.02.2014;321;325
07.02.2014;330;330
08.02.2014;299;295
09.02.2014;313;309
10.02.2014;328;322
11.02.2014;296;300
12.02.2014;325;323
13.02.2014;323;312
14.02.2014;337;345
15.02.2014;307;304
16.02.2014;313;307
17.02.2014;327;331
18.02.2014;309;301
19.02.2014;324;329
20.02.2014;319;323
21.02.2014;345;345
22.02.2014;298;308
23.02.2014;336;340
24.02.2014;335;333
25.02.2014;309;307
26.02.2014;323;323
27.02.2014;317;314
28.02.2014;342;345
01.03.2014;298;300
02.03.2014;328;327
03.03.2014;334;327
04.03.2014;304;305
05.03.2014;326;331
06.03.2014;310;324
07.03.2014;346;348
08.03.2014;298;300
09.03.2014;322;321
10.03.2014;332;332
11.03.2014;326;328
12.03.2014;337;334
13.03.2014;327;320
14.03.2014;348;350
15.03.2014;289;306
16.03.2014;336;328
17.03.2014;350;331
18.03.2014;310;326
19.03.2014;335;340
20.03.2014;328;327
21.03.2014;348;351
22.03.2014;295;300
23.03.2014;325;316
24.03.2014;342;328
25.03.2014;319;331
26.03.2014;337;334
27.03.2014;320;326
28.03.2014;368;360
29.03.2014;294;306
30.03.2014;337;342
31.03.2014;340;338
01.04.2014;334;336
02.04.2014;337;337
03.04.2014;332;333
04.04.2014;340;344
05.04.2014;329;325
06.04.2014;341;339
07.04.2014;354;346
08.04.2014;337;341
09.04.2014;352;356
10.04.2014;364;359
11.04.2014;370;376
12.04.2014;330;338
13.04.2014;347;349
14.04.2014;346;347
15.04.2014;327;326
16.04.2014;350;344
17.04.2014;350;369
18.04.2014;333;333
19.04.2014;315;314
20.04.2014;308;309
21.04.2014;339;324
22.04.2014;348;341
23.04.2014;350;350
24.04.2014;353;355
25.04.2014;355;365
26.04.2014;322;320
27.04.2014;351;344
28.04.2014;359;361
29.04.2014;349;349
30.04.2014;365;371
01.05.2014;326;340
02.05.2014;338;335
03.05.2014;327;324
04.05.2014;371;354
05.05.2014;375;369
06.05.2014;356;367
07.05.2014;365;362
08.05.2014;364;363
09.05.2014;365;374
10.05.2014;330;331
11.05.2014;351;344
12.05.2014;377;368
13.05.2014;354;360
14.05.2014;381;374
15.05.2014;370;375
16.05.2014;377;391
17.05.2014;345;347
18.05.2014;373;363
19.05.2014;386;384
20.05.2014;370;369
21.05.2014;380;381
22.05.2014;368;377
23.05.2014;386;387
24.05.2014;346;346
25.05.2014;363;362
26.05.2014;377;366
27.05.2014;359;360
28.05.2014;380;391
29.05.2014;335;349
30.05.2014;343;344
31.05.2014;332;331
01.06.2014;408;382
02.06.2014;388;394
03.06.2014;363;371
04.06.2014;380;375
05.06.2014;386;390
06.06.2014;397;403
07.06.2014;349;357
08.06.2014;347;346
09.06.2014;389;369
10.06.2014;385;390
11.06.2014;388;391
12.06.2014;380;387
13.06.2014;395;389
14.06.2014;348;349
15.06.2014;391;386
16.06.2014;422;407
17.06.2014;376;385
18.06.2014;400;409
19.06.2014;382;386
20.06.2014;378;386
21.06.2014;357;364
22.06.2014;393;378
23.06.2014;383;383
24.06.2014;365;375
25.06.2014;399;389
26.06.2014;387;388
27.06.2014;402;409
28.06.2014;350;359
29.06.2014;393;376
30.06.2014;385;385
01.07.2014;372;372
02.07.2014;394;392
03.07.2014;391;397
04.07.2014;410;415
05.07.2014;363;369
06.07.2014;397;385
07.07.2014;384;377
08.07.2014;374;373
09.07.2014;399;403
10.07.2014;398;395
11.07.2014;399;413
12.07.2014;365;370
13.07.2014;374;373
14.07.2014;379;380
15.07.2014;366;368
16.07.2014;396;386
17.07.2014;378;385
18.07.2014;385;394
19.07.2014;364;371
20.07.2014;382;371
21.07.2014;391;378
22.07.2014;366;366
23.07.2014;390;386
24.07.2014;389;385
25.07.2014;390;402
26.07.2014;370;376
27.07.2014;381;372
28.07.2014;379;377
29.07.2014;363;363
30.07.2014;392;396
31.07.2014;393;405
01.08.2014;375;390
02.08.2014;373;377
03.08.2014;384;372
04.08.2014;382;379
05.08.2014;371;374
06.08.2014;378;383
07.08.2014;377;378
08.08.2014;396;402
09.08.2014;378;374
10.08.2014;384;370
11.08.2014;391;384
12.08.2014;357;360
13.08.2014;390;385
14.08.2014;381;392
15.08.2014;386;391
16.08.2014;367;379
17.08.2014;390;376
18.08.2014;394;386
19.08.2014;366;375
20.08.2014;393;391
21.08.2014;391;387
22.08.2014;393;402
23.08.2014;376;376
24.08.2014;382;377
25.08.2014;396;380
26.08.2014;370;381
27.08.2014;405;408
28.08.2014;400;395
29.08.2014;408;417
30.08.2014;363;369
31.08.2014;387;380
01.09.2014;404;409
02.09.2014;378;375
03.09.2014;404;404
04.09.2014;400;393
05.09.2014;416;433
06.09.2014;357;361
07.09.2014;400;383
08.09.2014;397;389
09.09.2014;380;381
10.09.2014;392;396
11.09.2014;397;397
12.09.2014;414;428
13.09.2014;366;368
14.09.2014;396;392
15.09.2014;420;396
16.09.2014;384;398
17.09.2014;396;395
18.09.2014;388;386
19.09.2014;414;413
20.09.2014;352;355
21.09.2014;376;372
22.09.2014;389;390
23.09.2014;371;373
24.09.2014;395;395
25.09.2014;386;382
26.09.2014;411;412
27.09.2014;381;386
28.09.2014;391;392
29.09.2014;392;384
30.09.2014;377;374
01.10.2014;408;415
02.10.2014;399;398
03.10.2014;409;406
04.10.2014;379;391
05.10.2014;412;401
06.10.2014;387;393
07.10.2014;371;377
08.10.2014;388;386
09.10.2014;375;387
10.10.2014;404;405
11.10.2014;378;381
12.10.2014;402;389
13.10.2014;383;387
14.10.2014;373;372
15.10.2014;390;392
16.10.2014;388;379
17.10.2014;391;406
18.10.2014;383;377
19.10.2014;397;400
20.10.2014;382;371
21.10.2014;347;344
22.10.2014;378;376
23.10.2014;358;362
24.10.2014;380;385
25.10.2014;333;335
26.10.2014;329;333
27.10.2014;343;339
28.10.2014;332;331
29.10.2014;341;344
30.10.2014;335;338
31.10.2014;341;348
01.11.2014;279;285
02.11.2014;344;319
03.11.2014;336;337
04.11.2014;334;333
05.11.2014;348;346
06.11.2014;335;342
07.11.2014;351;354
08.11.2014;274;281
09.11.2014;325;312
10.11.2014;339;342
11.11.2014;333;330
12.11.2014;348;334
13.11.2014;333;343
14.11.2014;354;359
15.11.2014;267;278
16.11.2014;327;320
17.11.2014;347;344
18.11.2014;332;334
19.11.2014;352;351
20.11.2014;338;340
21.11.2014;350;359
22.11.2014;262;264
23.11.2014;337;318
24.11.2014;337;344
25.11.2014;320;322
26.11.2014;329;323
27.11.2014;332;326
28.11.2014;336;337
29.11.2014;265;273
30.11.2014;309;313
01.12.2014;327;323
02.12.2014;314;313
03.12.2014;346;337
04.12.2014;332;336
05.12.2014;359;362
06.12.2014;269;271
07.12.2014;320;311
08.12.2014;331;329
09.12.2014;338;336
10.12.2014;344;352
11.12.2014;351;347
12.12.2014;334;338
13.12.2014;276;282
14.12.2014;320;315
15.12.2014;347;338
16.12.2014;329;337
17.12.2014;335;348
18.12.2014;352;344
19.12.2014;355;352
20.12.2014;325;326
21.12.2014;333;331
22.12.2014;312;310
23.12.2014;286;289
24.12.2014;246;244
25.12.2014;226;228
26.12.2014;300;300
27.12.2014;284;272
28.12.2014;295;308
29.12.2014;293;290
30.12.2014;284;280
31.12.2014;238;240
01.01.2015;253;263
02.01.2015;327;334
03.01.2015;340;330
04.01.2015;339;332
05.01.2015;312;320
06.01.2015;294;294
07.01.2015;306;304
08.01.2015;305;310
09.01.2015;313;322
10.01.2015;282;287
11.01.2015;316;314
12.01.2015;338;335
13.01.2015;306;314
14.01.2015;342;331
15.01.2015;320;318
16.01.2015;341;345
17.01.2015;271;271
18.01.2015;319;327
19.01.2015;335;339
20.01.2015;394;367
21.01.2015;387;372
22.01.2015;342;331
23.01.2015;389;413
24.01.2015;313;336
25.01.2015;321;324
26.01.2015;333;322
27.01.2015;306;311
28.01.2015;335;337
29.01.2015;321;320
30.01.2015;332;333
31.01.2015;263;271
01.02.2015;310;307
02.02.2015;323;327
03.02.2015;311;304
04.02.2015;335;336
05.02.2015;326;320
06.02.2015;332;339
07.02.2015;272;277
08.02.2015;307;304
09.02.2015;330;328
10.02.2015;307;306
11.02.2015;331;332
12.02.2015;312;319
13.02.2015;339;337
14.02.2015;312;307
15.02.2015;319;315
16.02.2015;330;328
17.02.2015;304;305
18.02.2015;329;323
19.02.2015;325;333
20.02.2015;337;341
21.02.2015;305;303
22.02.2015;329;330
23.02.2015;332;339
24.02.2015;328;322
25.02.2015;331;333
26.02.2015;334;332
27.02.2015;347;351
28.02.2015;278;285
01.03.2015;335;321
02.03.2015;341;337
03.03.2015;336;333
04.03.2015;336;337
05.03.2015;348;343
06.03.2015;349;357
07.03.2015;273;279
08.03.2015;330;323
09.03.2015;337;340
10.03.2015;326;331
11.03.2015;337;331
12.03.2015;323;323
13.03.2015;348;347
14.03.2015;284;282
15.03.2015;327;325
16.03.2015;336;332
17.03.2015;331;332
18.03.2015;328;328
19.03.2015;344;349
20.03.2015;353;346
21.03.2015;278;284
22.03.2015;325;322
23.03.2015;350;346
24.03.2015;331;333
25.03.2015;337;343
26.03.2015;341;336
27.03.2015;356;357
28.03.2015;286;297
29.03.2015;331;323
30.03.2015;341;343
31.03.2015;316;318
01.04.2015;348;344
02.04.2015;348;365
03.04.2015;335;337
04.04.2015;309;307
05.04.2015;316;309
06.04.2015;343;337
07.04.2015;354;362
08.04.2015;304;303
09.04.2015;320;320
10.04.2015;360;358
11.04.2015;325;321
12.04.2015;351;338
13.04.2015;366;356
14.04.2015;347;350
15.04.2015;354;363
16.04.2015;371;368
17.04.2015;363;368
18.04.2015;322;333
19.04.2015;352;340
20.04.2015;357;361
21.04.2015;344;344
22.04.2015;355;348
23.04.2015;362;370
24.04.2015;371;368
25.04.2015;319;328
26.04.2015;351;345
27.04.2015;356;359
28.04.2015;365;357
29.04.2015;366;368
30.04.2015;379;381
01.05.2015;337;339
02.05.2015;321;323
03.05.2015;369;356
04.05.2015;370;369
05.05.2015;353;354
06.05.2015;362;354
07.05.2015;367;375
08.05.2015;372;379
09.05.2015;330;334
10.05.2015;363;355
11.05.2015;373;380
12.05.2015;358;346
13.05.2015;398;412
14.05.2015;350;363
15.05.2015;341;339
16.05.2015;347;341
17.05.2015;397;386
18.05.2015;395;389
19.05.2015;371;379
20.05.2015;391;385
21.05.2015;381;391
22.05.2015;379;394
23.05.2015;344;337
24.05.2015;354;356
25.05.2015;378;371
26.05.2015;372;370
27.05.2015;385;373
28.05.2015;375;383
29.05.2015;383;399
30.05.2015;355;348
31.05.2015;369;362
01.06.2015;385;378
02.06.2015;369;365
03.06.2015;369;385
04.06.2015;373;369
05.06.2015;380;376
06.06.2015;340;351
07.06.2015;388;378
08.06.2015;379;386
09.06.2015;371;370
10.06.2015;386;386
11.06.2015;376;385
12.06.2015;391;399
13.06.2015;357;360
14.06.2015;386;373
15.06.2015;401;392
16.06.2015;383;375
17.06.2015;396;407
18.06.2015;396;399
19.06.2015;388;403
20.06.2015;355;350
21.06.2015;384;380
22.06.2015;392;389
23.06.2015;365;370
24.06.2015;382;385
25.06.2015;397;393
26.06.2015;393;404
27.06.2015;361;360
28.06.2015;381;379
29.06.2015;386;382
30.06.2015;367;370
01.07.2015;386;386
02.07.2015;384;379
03.07.2015;388;396
04.07.2015;364;366
05.07.2015;393;393
06.07.2015;396;384
07.07.2015;378;376
08.07.2015;393;403
09.07.2015;392;397
10.07.2015;415;421
11.07.2015;386;396
12.07.2015;388;388
13.07.2015;382;378
14.07.2015;372;377
15.07.2015;386;383
16.07.2015;384;382
17.07.2015;393;400
18.07.2015;389;388
19.07.2015;392;383
20.07.2015;392;387
21.07.2015;380;371
22.07.2015;384;394
23.07.2015;388;385
24.07.2015;386;396
25.07.2015;377;382
26.07.2015;398;384
27.07.2015;394;389
28.07.2015;374;371
29.07.2015;385;386
30.07.2015;394;394
31.07.2015;397;413
01.08.2015;380;374
02.08.2015;386;387
03.08.2015;391;385
04.08.2015;376;378
05.08.2015;384;381
06.08.2015;373;376
07.08.2015;391;395
08.08.2015;381;376
09.08.2015;388;385
10.08.2015;393;380
11.08.2015;365;366
12.08.2015;383;384
13.08.2015;379;374
14.08.2015;390;412
15.08.2015;384;380
16.08.2015;410;401
17.08.2015;399;388
18.08.2015;374;383
19.08.2015;395;391
20.08.2015;384;386
21.08.2015;396;405
22.08.2015;378;379
23.08.2015;399;396
24.08.2015;379;374
25.08.2015;379;383
26.08.2015;388;394
27.08.2015;387;390
28.08.2015;397;398
29.08.2015;369;369
30.08.2015;396;398
31.08.2015;390;388
01.09.2015;373;374
02.09.2015;394;393
03.09.2015;399;398
04.09.2015;402;409
05.09.2015;357;365
06.09.2015;396;390
07.09.2015;400;390
08.09.2015;373;372
09.09.2015;404;401
10.09.2015;386;395
11.09.2015;398;406
12.09.2015;371;368
13.09.2015;397;386
14.09.2015;386;394
15.09.2015;375;372
16.09.2015;401;396
17.09.2015;393;404
18.09.2015;392;397
19.09.2015;354;353
20.09.2015;397;388
21.09.2015;399;396
22.09.2015;378;381
23.09.2015;396;401
24.09.2015;395;396
25.09.2015;415;418
26.09.2015;369;368
27.09.2015;400;399
28.09.2015;391;384
29.09.2015;383;387
30.09.2015;405;401
01.10.2015;397;395
02.10.2015;405;413
03.10.2015;382;385
04.10.2015;396;394
05.10.2015;392;391
06.10.2015;362;367
07.10.2015;390;386
08.10.2015;382;375
09.10.2015;406;418
10.10.2015;372;376
11.10.2015;394;393
12.10.2015;385;379
13.10.2015;371;365
14.10.2015;382;389
15.10.2015;381;370
16.10.2015;398;406
17.10.2015;373;375
18.10.2015;390;390
19.10.2015;385;377
20.10.2015;365;371
21.10.2015;373;381
22.10.2015;369;374
23.10.2015;380;389
24.10.2015;335;331
25.10.2015;341;333
26.10.2015;360;349
27.10.2015;324;322
28.10.2015;339;342
29.10.2015;349;349
30.10.2015;352;356
31.10.2015;285;289
01.11.2015;313;311
02.11.2015;346;335
03.11.2015;323;322
04.11.2015;332;336
05.11.2015;330;332
06.11.2015;343;354
07.11.2015;274;275
08.11.2015;333;327
09.11.2015;333;334
10.11.2015;326;322
11.11.2015;321;324
12.11.2015;319;318
13.11.2015;337;338
14.11.2015;271;277
15.11.2015;317;314
16.11.2015;345;345
17.11.2015;326;317
18.11.2015;319;327
19.11.2015;332;331
20.11.2015;335;343
21.11.2015;272;271
22.11.2015;316;311
23.11.2015;342;332
24.11.2015;310;317
25.11.2015;331;325
26.11.2015;329;325
27.11.2015;332;344
28.11.2015;268;265
29.11.2015;323;315
30.11.2015;339;339
01.12.2015;319;309
02.12.2015;331;330
03.12.2015;312;333
04.12.2015;356;354
05.12.2015;264;267
06.12.2015;311;305
07.12.2015;338;328
08.12.2015;329;327
09.12.2015;331;340
10.12.2015;327;333
11.12.2015;347;348
12.12.2015;286;286
13.12.2015;319;316
14.12.2015;338;335
15.12.2015;321;313
16.12.2015;337;338
17.12.2015;336;342
18.12.2015;354;355
19.12.2015;303;314
20.12.2015;327;334
21.12.2015;328;318
22.12.2015;306;305
23.12.2015;304;314
24.12.2015;258;252
25.12.2015;246;258
26.12.2015;308;298
27.12.2015;335;330
28.12.2015;282;300
29.12.2015;289;277
30.12.2015;301;301
31.12.2015;247;241
01.01.2016;279;282
02.01.2016;330;335
03.01.2016;346;356
04.01.2016;317;311
05.01.2016;288;283
06.01.2016;295;298
07.01.2016;309;302
08.01.2016;324;323
09.01.2016;278;284
10.01.2016;311;314
11.01.2016;335;333
12.01.2016;311;313
13.01.2016;309;315
14.01.2016;324;323
15.01.2016;321;328
16.01.2016;271;274
17.01.2016;316;318
18.01.2016;351;348
19.01.2016;387;358
20.01.2016;403;373
21.01.2016;356;358
22.01.2016;382;418
23.01.2016;321;342
24.01.2016;315;314
25.01.2016;333;328
26.01.2016;298;292
27.01.2016;313;318
28.01.2016;319;317
29.01.2016;333;333
30.01.2016;272;278
31.01.2016;305;302
01.02.2016;336;335
02.02.2016;308;306
03.02.2016;324;321
04.02.2016;324;321
05.02.2016;343;355
06.02.2016;279;284
07.02.2016;304;301
08.02.2016;316;321
09.02.2016;299;291
10.02.2016;333;328
11.02.2016;327;329
12.02.2016;354;352
13.02.2016;310;313
14.02.2016;318;316
15.02.2016;331;329
16.02.2016;313;308
17.02.2016;329;339
18.02.2016;317;317
19.02.2016;341;339
20.02.2016;301;302
21.02.2016;340;339
22.02.2016;323;328
23.02.2016;324;317
24.02.2016;330;331
25.02.2016;337;329
26.02.2016;330;349
27.02.2016;306;304
28.02.2016;324;324
29.02.2016;328;332
01.03.2016;317;306
02.03.2016;324;328
03.03.2016;328;324
04.03.2016;344;348
05.03.2016;290;294
06.03.2016;336;326
07.03.2016;347;346
08.03.2016;311;315
09.03.2016;332;341
10.03.2016;343;338
11.03.2016;347;353
12.03.2016;292;295
13.03.2016;328;317
14.03.2016;342;346
15.03.2016;326;320
16.03.2016;330;338
17.03.2016;335;335
18.03.2016;359;367
19.03.2016;304;314
20.03.2016;320;315
21.03.2016;340;326
22.03.2016;327;328
23.03.2016;351;354
24.03.2016;362;375
25.03.2016;344;345
26.03.2016;298;305
27.03.2016;322;320
28.03.2016;342;332
29.03.2016;354;350
30.03.2016;355;358
31.03.2016;361;358
01.04.2016;363;373
02.04.2016;328;324
03.04.2016;348;357
04.04.2016;362;353
05.04.2016;341;344
06.04.2016;346;346
07.04.2016;351;356
08.04.2016;363;358
09.04.2016;319;321
10.04.2016;354;347
11.04.2016;355;361
12.04.2016;341;343
13.04.2016;352;340
14.04.2016;359;364
15.04.2016;360;366
16.04.2016;320;316
17.04.2016;357;346
18.04.2016;342;342
19.04.2016;355;352
20.04.2016;351;361
21.04.2016;364;365
22.04.2016;359;362
23.04.2016;326;339
24.04.2016;357;353
25.04.2016;354;354
26.04.2016;354;348
27.04.2016;337;334
28.04.2016;367;372
29.04.2016;371;377
30.04.2016;322;336
01.05.2016;372;359
02.05.2016;356;350
03.05.2016;356;350
04.05.2016;366;391
05.05.2016;352;355
06.05.2016;351;345
07.05.2016;343;345
08.05.2016;400;384
09.05.2016;371;366
10.05.2016;354;359
11.05.2016;382;372
12.05.2016;378;383
13.05.2016;392;397
14.05.2016;343;351
15.05.2016;350;349
16.05.2016;389;367
17.05.2016;377;381
18.05.2016;397;383
19.05.2016;368;400
20.05.2016;393;394
21.05.2016;352;356
22.05.2016;377;360
23.05.2016;380;373
24.05.2016;373;377
25.05.2016;377;384
26.05.2016;380;380
27.05.2016;379;386
28.05.2016;352;351
29.05.2016;386;382
30.05.2016;390;380
31.05.2016;367;374
01.06.2016;383;380
02.06.2016;380;385
03.06.2016;387;387
04.06.2016;355;352
05.06.2016;378;391
06.06.2016;384;375
07.06.2016;369;370
08.06.2016;392;382
09.06.2016;382;391
10.06.2016;400;403
11.06.2016;360;354
12.06.2016;395;378
13.06.2016;406;410
14.06.2016;383;385
15.06.2016;401;410
16.06.2016;388;399
17.06.2016;393;394
18.06.2016;358;351
19.06.2016;380;387
20.06.2016;404;391
21.06.2016;380;379
22.06.2016;385;392
23.06.2016;385;387
24.06.2016;392;400
25.06.2016;361;357
26.06.2016;395;393
27.06.2016;386;387
28.06.2016;374;367
29.06.2016;396;402
30.06.2016;400;401
01.07.2016;406;410
02.07.2016;371;372
03.07.2016;402;400
04.07.2016;419;406
05.07.2016;390;394
06.07.2016;401;405
07.07.2016;417;416
08.07.2016;408;420
09.07.2016;379;389
10.07.2016;408;403
11.07.2016;399;392
12.07.2016;384;380
13.07.2016;399;402
14.07.2016;406;403
15.07.2016;424;422
16.07.2016;380;390
17.07.2016;407;407
18.07.2016;410;398
19.07.2016;378;387
20.07.2016;399;401
21.07.2016;387;391
22.07.2016;398;399
23.07.2016;373;376
24.07.2016;398;394
25.07.2016;393;391
26.07.2016;380;378
27.07.2016;395;395
28.07.2016;394;396
29.07.2016;405;411
30.07.2016;382;386
31.07.2016;409;397
01.08.2016;411;399
02.08.2016;373;378
03.08.2016;395;402
04.08.2016;394;396
05.08.2016;407;405
06.08.2016;371;375
07.08.2016;406;394
08.08.2016;401;399
09.08.2016;375;375
10.08.2016;396;403
11.08.2016;387;393
12.08.2016;396;398
13.08.2016;387;386
14.08.2016;397;385
15.08.2016;398;403
16.08.2016;367;371
17.08.2016;405;397
18.08.2016;387;383
19.08.2016;392;411
20.08.2016;374;372
21.08.2016;408;399
22.08.2016;406;399
23.08.2016;373;381
24.08.2016;397;399
25.08.2016;398;399
26.08.2016;406;408
27.08.2016;363;363
28.08.2016;392;387
29.08.2016;406;400
30.08.2016;383;382
31.08.2016;393;404
01.09.2016;384;386
02.09.2016;411;414
03.09.2016;371;367
04.09.2016;400;399
05.09.2016;396;396
06.09.2016;382;385
07.09.2016;392;395
08.09.2016;415;405
09.09.2016;410;420
10.09.2016;370;365
11.09.2016;400;396
12.09.2016;414;404
13.09.2016;391;383
14.09.2016;396;407
15.09.2016;394;397
16.09.2016;395;409
17.09.2016;367;352
18.09.2016;397;399
19.09.2016;394;397
20.09.2016;382;384
21.09.2016;399;402
22.09.2016;404;401
23.09.2016;406;415
24.09.2016;365;366
25.09.2016;403;397
26.09.2016;416;401
27.09.2016;397;399
28.09.2016;397;410
29.09.2016;393;397
30.09.2016;406;410
01.10.2016;364;359
02.10.2016;398;398
03.10.2016;379;385
04.10.2016;391;390
05.10.2016;406;404
06.10.2016;387;387
07.10.2016;415;412
08.10.2016;383;378
09.10.2016;387;389
10.10.2016;387;387
11.10.2016;379;374
12.10.2016;379;387
13.10.2016;379;383
14.10.2016;393;398
15.10.2016;375;370
16.10.2016;390;384
17.10.2016;395;390
18.10.2016;368;370
19.10.2016;387;385
20.10.2016;394;410
21.10.2016;400;395
22.10.2016;360;353
23.10.2016;386;394
24.10.2016;370;369
25.10.2016;368;362
26.10.2016;363;376
27.10.2016;362;361
28.10.2016;379;382
29.10.2016;327;329
30.10.2016;333;329
31.10.2016;357;346
01.11.2016;319;328
02.11.2016;356;348
03.11.2016;353;352
04.11.2016;373;374
05.11.2016;266;277
06.11.2016;326;336
07.11.2016;350;337
08.11.2016;326;322
09.11.2016;337;336
10.11.2016;332;332
11.11.2016;361;375
12.11.2016;268;273
13.11.2016;333;325
14.11.2016;350;349
15.11.2016;325;320
16.11.2016;351;359
17.11.2016;342;338
18.11.2016;355;364
19.11.2016;265;269
20.11.2016;330;324
21.11.2016;347;339
22.11.2016;322;326
23.11.2016;332;336
24.11.2016;335;324
25.11.2016;348;361
26.11.2016;267;277
27.11.2016;336;321
28.11.2016;360;348
29.11.2016;320;326
30.11.2016;334;338
01.12.2016;335;339
02.12.2016;362;356
03.12.2016;269;283
04.12.2016;327;318
05.12.2016;352;356
06.12.2016;328;319
07.12.2016;352;363
08.12.2016;348;344
09.12.2016;365;363
10.12.2016;279;284
11.12.2016;331;333
12.12.2016;332;327
13.12.2016;317;321
14.12.2016;314;322
15.12.2016;347;336
16.12.2016;361;364
17.12.2016;281;285
18.12.2016;320;322
19.12.2016;348;351
20.12.2016;331;322
21.12.2016;341;346
22.12.2016;371;372
23.12.2016;365;366
24.12.2016;274;269
25.12.2016;258;265
26.12.2016;326;322
27.12.2016;304;302
28.12.2016;308;314
29.12.2016;322;317
30.12.2016;326;321
31.12.2016;251;255
01.01.2017;300;304
02.01.2017;340;333
03.01.2017;299;297
04.01.2017;306;315
05.01.2017;322;317
06.01.2017;337;348
07.01.2017;287;290
08.01.2017;351;347
09.01.2017;351;348
10.01.2017;317;313
11.01.2017;318;328
12.01.2017;327;316
13.01.2017;319;326
14.01.2017;271;278
15.01.2017;334;325
16.01.2017;407;391
17.01.2017;362;343
18.01.2017;366;356
19.01.2017;375;394
20.01.2017;399;433
21.01.2017;280;288
22.01.2017;325;318
23.01.2017;333;325
24.01.2017;324;317
25.01.2017;323;329
26.01.2017;328;325
27.01.2017;342;336
28.01.2017;268;273
29.01.2017;310;306
30.01.2017;326;330
31.01.2017;327;NA
01.02.2017;322;331
02.02.2017;340;326
03.02.2017;359;358
04.02.2017;279;285
05.02.2017;321;317
06.02.2017;332;340
07.02.2017;321;307
08.02.2017;323;333
09.02.2017;346;338
10.02.2017;357;365
11.02.2017;293;303
12.02.2017;337;328
13.02.2017;345;335
14.02.2017;316;327
15.02.2017;336;328
16.02.2017;324;332
17.02.2017;347;346
18.02.2017;296;305
19.02.2017;334;337
20.02.2017;339;339
21.02.2017;325;311
22.02.2017;324;330
23.02.2017;333;329
24.02.2017;338;346
25.02.2017;286;293
26.02.2017;330;331
27.02.2017;347;338
28.02.2017;322;322
01.03.2017;347;348
02.03.2017;353;352
03.03.2017;351;347
04.03.2017;292;300
05.03.2017;332;340
06.03.2017;349;337
07.03.2017;321;327
08.03.2017;346;341
09.03.2017;332;331
10.03.2017;349;360
11.03.2017;286;289
12.03.2017;334;331
13.03.2017;332;334
14.03.2017;314;311
15.03.2017;333;341
16.03.2017;343;337
17.03.2017;360;362
18.03.2017;293;297
19.03.2017;332;328
20.03.2017;353;347
21.03.2017;341;336
22.03.2017;339;340
23.03.2017;350;346
24.03.2017;360;363
25.03.2017;287;292
26.03.2017;348;351
27.03.2017;365;357
28.03.2017;365;366
29.03.2017;362;363
30.03.2017;362;379
31.03.2017;379;377
01.04.2017;333;331
02.04.2017;354;354
03.04.2017;361;361
04.04.2017;353;352
05.04.2017;362;362
06.04.2017;377;373
07.04.2017;373;379
08.04.2017;339;343
09.04.2017;368;357
10.04.2017;378;374
11.04.2017;359;360
12.04.2017;373;376
13.04.2017;372;386
14.04.2017;364;370
15.04.2017;327;325
16.04.2017;342;335
17.04.2017;380;365
18.04.2017;361;350
19.04.2017;352;355
20.04.2017;368;376
21.04.2017;369;375
22.04.2017;350;349
23.04.2017;377;375
24.04.2017;374;372
25.04.2017;357;358
26.04.2017;374;373
27.04.2017;375;380
28.04.2017;393;391
29.04.2017;339;339
30.04.2017;362;360
01.05.2017;374;366
02.05.2017;356;359
03.05.2017;366;363
04.05.2017;373;377
05.05.2017;385;391
06.05.2017;340;341
07.05.2017;377;365
08.05.2017;372;380
09.05.2017;375;366
10.05.2017;371;377
11.05.2017;374;384
12.05.2017;390;390
13.05.2017;353;348
14.05.2017;383;375
15.05.2017;387;384
16.05.2017;361;368
17.05.2017;393;381
18.05.2017;382;410
19.05.2017;397;395
20.05.2017;356;362
21.05.2017;391;379
22.05.2017;391;384
23.05.2017;360;368
24.05.2017;412;410
25.05.2017;373;386
26.05.2017;378;379
27.05.2017;341;338
28.05.2017;399;389
29.05.2017;385;384
30.05.2017;358;368
31.05.2017;379;374
01.06.2017;384;383
02.06.2017;398;411
03.06.2017;351;349
04.06.2017;369;369
05.06.2017;394;374
06.06.2017;363;367
07.06.2017;383;384
08.06.2017;397;400
09.06.2017;407;411
10.06.2017;351;358
11.06.2017;395;386
12.06.2017;412;403
13.06.2017;399;396
14.06.2017;398;414
15.06.2017;380;386
16.06.2017;402;401
17.06.2017;360;358
18.06.2017;395;391
19.06.2017;403;404
20.06.2017;369;363
21.06.2017;393;397
22.06.2017;384;386
23.06.2017;396;409
24.06.2017;371;367
25.06.2017;396;383
26.06.2017;402;395
27.06.2017;373;385
28.06.2017;387;390
29.06.2017;382;382
30.06.2017;414;411
01.07.2017;372;372
02.07.2017;399;397
03.07.2017;397;401
04.07.2017;390;406
05.07.2017;401;395
06.07.2017;400;408
07.07.2017;407;404
08.07.2017;369;377
09.07.2017;384;383
10.07.2017;397;394
11.07.2017;384;383
12.07.2017;411;417
13.07.2017;400;404
14.07.2017;414;412
15.07.2017;374;375
16.07.2017;390;394
17.07.2017;402;395
18.07.2017;388;385
19.07.2017;398;400
20.07.2017;380;383
21.07.2017;408;418
22.07.2017;366;372
23.07.2017;398;390
24.07.2017;394;384
25.07.2017;382;380
26.07.2017;389;396
27.07.2017;377;386
28.07.2017;405;401
29.07.2017;363;368
30.07.2017;396;385
31.07.2017;392;391
01.08.2017;376;376
02.08.2017;385;384
03.08.2017;382;383
04.08.2017;402;397
05.08.2017;378;382
06.08.2017;381;384
07.08.2017;402;393
08.08.2017;374;375
09.08.2017;392;392
10.08.2017;390;386
11.08.2017;405;413
12.08.2017;380;379
13.08.2017;402;397
14.08.2017;393;397
15.08.2017;373;369
16.08.2017;388;389
17.08.2017;384;388
18.08.2017;415;402
19.08.2017;368;376
20.08.2017;410;401
21.08.2017;392;400
22.08.2017;379;383
23.08.2017;402;398
24.08.2017;396;387
25.08.2017;396;415
26.08.2017;361;360
27.08.2017;388;386
28.08.2017;387;385
29.08.2017;385;384
30.08.2017;398;399
31.08.2017;386;382
01.09.2017;412;410
02.09.2017;366;366
03.09.2017;396;402
04.09.2017;409;416
05.09.2017;383;380
06.09.2017;400;397
07.09.2017;409;411
08.09.2017;415;420
09.09.2017;360;364
10.09.2017;407;386
11.09.2017;404;402
12.09.2017;377;379
13.09.2017;392;391
14.09.2017;396;396
15.09.2017;395;408
16.09.2017;362;364
17.09.2017;401;402
18.09.2017;405;397
19.09.2017;391;387
20.09.2017;407;401
21.09.2017;401;410
22.09.2017;396;410
23.09.2017;378;367
24.09.2017;402;405
25.09.2017;391;387
26.09.2017;384;386
27.09.2017;400;399
28.09.2017;384;392
29.09.2017;416;411
30.09.2017;380;378
01.10.2017;406;407
02.10.2017;400;392
03.10.2017;373;387
04.10.2017;399;390
05.10.2017;393;399
06.10.2017;416;411
07.10.2017;376;386
08.10.2017;397;398
09.10.2017;394;397
10.10.2017;365;363
11.10.2017;392;398
12.10.2017;388;389
13.10.2017;405;413
14.10.2017;371;371
15.10.2017;391;389
16.10.2017;384;386
17.10.2017;362;363
18.10.2017;389;382
19.10.2017;387;391
20.10.2017;394;387
21.10.2017;371;379
22.10.2017;385;380
23.10.2017;380;382
24.10.2017;361;364
25.10.2017;380;382
26.10.2017;364;364
27.10.2017;388;383
28.10.2017;334;339
29.10.2017;343;337
30.10.2017;358;353
31.10.2017;317;323
01.11.2017;333;344
02.11.2017;344;335
03.11.2017;370;370
04.11.2017;287;287
05.11.2017;330;329
06.11.2017;356;350
07.11.2017;319;321
08.11.2017;346;345
09.11.2017;341;344
10.11.2017;353;360
11.11.2017;266;275
12.11.2017;335;327
13.11.2017;350;353
14.11.2017;328;328
15.11.2017;358;352
16.11.2017;336;345
17.11.2017;371;371
18.11.2017;275;272
19.11.2017;329;335
20.11.2017;345;341
21.11.2017;307;303
22.11.2017;331;335
23.11.2017;334;324
24.11.2017;364;364
25.11.2017;257;262
26.11.2017;316;322
27.11.2017;363;347
28.11.2017;334;323
29.11.2017;347;366
30.11.2017;337;342
01.12.2017;358;362
02.12.2017;267;212
03.12.2017;325;323
04.12.2017;347;338
05.12.2017;319;328
06.12.2017;339;331
07.12.2017;344;344
08.12.2017;351;348
09.12.2017;269;282
10.12.2017;279;265
11.12.2017;334;326
12.12.2017;333;335
13.12.2017;338;350
14.12.2017;337;325
15.12.2017;367;373
16.12.2017;282;288
17.12.2017;316;317
18.12.2017;333;326
19.12.2017;334;332
20.12.2017;337;343
21.12.2017;352;343
22.12.2017;369;386
23.12.2017;310;314
24.12.2017;265;265
25.12.2017;254;253
26.12.2017;311;313
27.12.2017;328;325
28.12.2017;325;329
29.12.2017;339;343
30.12.2017;271;272
31.12.2017;270;275
01.01.2018;306;292
02.01.2018;334;338
03.01.2018;288;292
04.01.2018;302;304
05.01.2018;327;331
06.01.2018;292;290
07.01.2018;328;334
08.01.2018;335;328
09.01.2018;313;302
10.01.2018;314;321
11.01.2018;330;327
12.01.2018;359;361
13.01.2018;271;273
14.01.2018;322;321
15.01.2018;334;337
16.01.2018;309;309
17.01.2018;323;318
18.01.2018;313;317
19.01.2018;349;357
20.01.2018;275;276
21.01.2018;346;345
22.01.2018;415;390
23.01.2018;384;365
24.01.2018;357;367
25.01.2018;390;384
26.01.2018;426;450
27.01.2018;293;300
28.01.2018;318;328
29.01.2018;334;335
30.01.2018;322;311
31.01.2018;341;337
01.02.2018;330;337
02.02.2018;364;361
03.02.2018;278;284
04.02.2018;319;317
05.02.2018;336;331
06.02.2018;323;323
07.02.2018;338;335
08.02.2018;337;332
09.02.2018;359;371
10.02.2018;292;293
11.02.2018;314;318
12.02.2018;331;323
13.02.2018;313;313
14.02.2018;343;334
15.02.2018;334;331
16.02.2018;364;366
17.02.2018;302;314
18.02.2018;350;346
19.02.2018;337;340
20.02.2018;320;322
21.02.2018;344;340
22.02.2018;344;346
23.02.2018;362;365
24.02.2018;278;290
25.02.2018;326;330
26.02.2018;329;327
27.02.2018;329;321
28.02.2018;351;344
01.03.2018;357;346
02.03.2018;345;343
03.03.2018;277;293
04.03.2018;332;334
05.03.2018;360;354
06.03.2018;333;330
07.03.2018;348;349
08.03.2018;350;345
09.03.2018;368;376
10.03.2018;289;291
11.03.2018;338;344
12.03.2018;368;362
13.03.2018;338;331
14.03.2018;355;361
15.03.2018;360;352
16.03.2018;372;379
17.03.2018;283;284
18.03.2018;329;332
19.03.2018;364;354
20.03.2018;336;338
21.03.2018;353;347
22.03.2018;345;344
23.03.2018;382;387
24.03.2018;294;303
25.03.2018;355;361
26.03.2018;368;371
27.03.2018;365;357
28.03.2018;373;384
29.03.2018;382;389
30.03.2018;366;373
31.03.2018;339;332
01.04.2018;355;358
02.04.2018;373;368
03.04.2018;367;363
04.04.2018;371;373
05.04.2018;372;372
06.04.2018;391;386
07.04.2018;344;353
08.04.2018;376;375
09.04.2018;384;389
10.04.2018;361;355
11.04.2018;381;380
12.04.2018;385;383
13.04.2018;391;404
14.04.2018;347;346
15.04.2018;378;373
16.04.2018;394;388
17.04.2018;375;375
18.04.2018;389;389
19.04.2018;397;401
20.04.2018;400;404
21.04.2018;355;356
22.04.2018;383;380
23.04.2018;389;382
24.04.2018;371;376
25.04.2018;386;393
26.04.2018;399;389
27.04.2018;400;406
28.04.2018;359;351
29.04.2018;362;377
30.04.2018;376;373
01.05.2018;363;357
02.05.2018;391;395
03.05.2018;382;384
04.05.2018;398;402
05.05.2018;360;357
06.05.2018;372;373
07.05.2018;379;367
08.05.2018;364;365
09.05.2018;392;401
10.05.2018;365;369
11.05.2018;384;391
12.05.2018;346;344
13.05.2018;392;377
14.05.2018;408;406
15.05.2018;379;368
16.05.2018;387;390
17.05.2018;396;407
18.05.2018;413;426
19.05.2018;366;363
20.05.2018;359;362
21.05.2018;403;399
22.05.2018;374;369
23.05.2018;398;396
24.05.2018;383;391
25.05.2018;408;415
26.05.2018;364;360
27.05.2018;386;381
28.05.2018;403;395
29.05.2018;378;375
30.05.2018;398;406
31.05.2018;377;380
01.06.2018;404;397
02.06.2018;352;365
03.06.2018;399;387
04.06.2018;394;397
05.06.2018;387;386
06.06.2018;401;406
07.06.2018;386;396
08.06.2018;396;391
09.06.2018;376;359
10.06.2018;389;391
11.06.2018;416;407
12.06.2018;395;392
13.06.2018;432;436
14.06.2018;415;433
15.06.2018;422;425
16.06.2018;370;372
17.06.2018;395;395
18.06.2018;413;413
19.06.2018;397;394
20.06.2018;415;413
21.06.2018;400;401
22.06.2018;426;434
23.06.2018;383;381
24.06.2018;401;396
25.06.2018;409;408
26.06.2018;395;400
27.06.2018;407;409
28.06.2018;406;400
29.06.2018;408;412
30.06.2018;385;385
01.07.2018;393;399
02.07.2018;415;409
03.07.2018;405;400
04.07.2018;413;416
05.07.2018;404;410
06.07.2018;425;427
07.07.2018;382;381
08.07.2018;406;412
09.07.2018;421;410
10.07.2018;394;400
11.07.2018;415;406
12.07.2018;401;412
13.07.2018;416;420
14.07.2018;388;403
15.07.2018;400;392
16.07.2018;419;406
17.07.2018;398;406
18.07.2018;404;399
19.07.2018;410;406
20.07.2018;433;432
21.07.2018;386;391
22.07.2018;390;391
23.07.2018;414;405
24.07.2018;388;391
25.07.2018;418;417
26.07.2018;397;403
27.07.2018;408;416
28.07.2018;390;374
29.07.2018;405;413
30.07.2018;406;407
31.07.2018;393;395
01.08.2018;398;395
02.08.2018;387;387
03.08.2018;409;415
04.08.2018;394;391
05.08.2018;407;405
06.08.2018;417;410
07.08.2018;378;382
08.08.2018;405;408
09.08.2018;387;389
10.08.2018;411;418
11.08.2018;394;390
12.08.2018;406;407
13.08.2018;411;394
14.08.2018;399;397
15.08.2018;404;407
16.08.2018;399;401
17.08.2018;415;421
18.08.2018;384;389
19.08.2018;401;400
20.08.2018;414;404
21.08.2018;395;400
22.08.2018;406;405
23.08.2018;395;402
24.08.2018;414;415
25.08.2018;377;383
26.08.2018;397;398
27.08.2018;408;406
28.08.2018;402;399
29.08.2018;407;414
30.08.2018;403;406
31.08.2018;419;417
01.09.2018;382;375
02.09.2018;402;402
03.09.2018;419;405
04.09.2018;398;406
05.09.2018;416;418
06.09.2018;404;413
07.09.2018;422;420
08.09.2018;373;382
09.09.2018;398;396
10.09.2018;411;405
11.09.2018;384;394
12.09.2018;417;404
13.09.2018;402;411
14.09.2018;419;422
15.09.2018;374;371
16.09.2018;395;390
17.09.2018;411;403
18.09.2018;380;381
19.09.2018;412;408
20.09.2018;404;417
21.09.2018;419;422
22.09.2018;381;380
23.09.2018;395;391
24.09.2018;403;396
25.09.2018;393;398
26.09.2018;414;411
27.09.2018;401;405
28.09.2018;402;410
29.09.2018;373;376
30.09.2018;408;407
01.10.2018;410;411
02.10.2018;397;377
03.10.2018;404;417
04.10.2018;405;403
05.10.2018;426;434
06.10.2018;391;384
07.10.2018;405;420
08.10.2018;422;420
09.10.2018;386;386
10.10.2018;415;417
11.10.2018;406;402
12.10.2018;412;413
13.10.2018;374;377
14.10.2018;406;407
15.10.2018;411;401
16.10.2018;378;379
17.10.2018;408;407
18.10.2018;398;399
19.10.2018;420;424
20.10.2018;384;376
21.10.2018;418;416
22.10.2018;410;411
23.10.2018;392;395
24.10.2018;402;403
25.10.2018;392;400
26.10.2018;414;417
27.10.2018;358;354
28.10.2018;356;353
29.10.2018;369;358
30.10.2018;345;351
31.10.2018;370;368
01.11.2018;345;344
02.11.2018;365;376
03.11.2018;292;290
04.11.2018;356;365
05.11.2018;369;359
06.11.2018;338;331
07.11.2018;355;369
08.11.2018;353;353
09.11.2018;373;377
10.11.2018;291;286
11.11.2018;352;353
12.11.2018;364;366
13.11.2018;327;324
14.11.2018;360;360
15.11.2018;361;359
16.11.2018;378;387
17.11.2018;285;282
18.11.2018;346;355
19.11.2018;367;353
20.11.2018;332;340
21.11.2018;350;345
22.11.2018;332;345
23.11.2018;368;361
24.11.2018;289;285
25.11.2018;339;344
26.11.2018;368;363
27.11.2018;337;334
28.11.2018;356;357
29.11.2018;357;357
30.11.2018;388;388
01.12.2018;282;285
02.12.2018;354;354
03.12.2018;352;354
04.12.2018;342;334
05.12.2018;359;352
06.12.2018;355;363
07.12.2018;370;380
08.12.2018;281;281
09.12.2018;350;349
10.12.2018;364;359
11.12.2018;353;351
12.12.2018;351;357
13.12.2018;361;363
14.12.2018;380;379
15.12.2018;289;297
16.12.2018;328;327
17.12.2018;368;361
18.12.2018;342;347
19.12.2018;364;356
20.12.2018;360;372
21.12.2018;386;391
22.12.2018;340;340
23.12.2018;350;345
24.12.2018;286;287
25.12.2018;265;265
26.12.2018;346;341
27.12.2018;339;343
28.12.2018;352;354
29.12.2018;314;314
30.12.2018;330;329
31.12.2018;298;297
01.01.2019;298;294
02.01.2019;351;353
03.01.2019;337;336
04.01.2019;356;358
05.01.2019;315;317
06.01.2019;354;355
07.01.2019;349;348
08.01.2019;334;320
09.01.2019;340;341
10.01.2019;317;319
11.01.2019;348;348
12.01.2019;285;293
13.01.2019;339;339
14.01.2019;339;339
15.01.2019;330;325
16.01.2019;337;347
17.01.2019;349;347
18.01.2019;372;374
19.01.2019;289;298
20.01.2019;358;355
21.01.2019;410;386
22.01.2019;366;339
23.01.2019;360;357
24.01.2019;377;394
25.01.2019;411;447
26.01.2019;304;300
27.01.2019;328;336
28.01.2019;338;343
29.01.2019;328;318
30.01.2019;338;336
31.01.2019;351;353
01.02.2019;360;351
02.02.2019;278;282
03.02.2019;314;328
04.02.2019;331;323
05.02.2019;341;325
06.02.2019;336;345
07.02.2019;341;344
08.02.2019;355;361
09.02.2019;309;298
10.02.2019;328;337
11.02.2019;340;340
12.02.2019;334;322
13.02.2019;337;351
14.02.2019;354;360
15.02.2019;365;364
16.02.2019;316;309
17.02.2019;346;349
18.02.2019;339;340
19.02.2019;339;336
20.02.2019;356;354
21.02.2019;371;369
22.02.2019;372;380
23.02.2019;323;317
24.02.2019;352;354
25.02.2019;352;351
26.02.2019;338;330
27.02.2019;362;370
28.02.2019;357;364
01.03.2019;367;368
02.03.2019;303;303
03.03.2019;341;342
04.03.2019;355;348
05.03.2019;332;320
06.03.2019;348;350
07.03.2019;360;357
08.03.2019;376;370
09.03.2019;296;304
10.03.2019;343;350
11.03.2019;351;347
12.03.2019;331;326
13.03.2019;346;348
14.03.2019;362;364
15.03.2019;373;365
16.03.2019;299;302
17.03.2019;349;349
18.03.2019;362;366
19.03.2019;343;337
20.03.2019;346;359
21.03.2019;359;359
22.03.2019;373;365
23.03.2019;295;304
24.03.2019;343;345
25.03.2019;372;360
26.03.2019;349;349
27.03.2019;354;357
28.03.2019;362;356
29.03.2019;375;380
30.03.2019;302;307
31.03.2019;354;358
01.04.2019;380;377
02.04.2019;373;372
03.04.2019;372;374
04.04.2019;377;376
05.04.2019;396;395
06.04.2019;352;355
07.04.2019;376;377
08.04.2019;399;387
09.04.2019;373;383
10.04.2019;379;378
11.04.2019;391;386
12.04.2019;398;401
13.04.2019;353;358
14.04.2019;384;377
15.04.2019;382;389
16.04.2019;377;370
17.04.2019;381;388
18.04.2019;405;417
19.04.2019;389;395
20.04.2019;346;349
21.04.2019;364;364
22.04.2019;390;379
23.04.2019;374;368
24.04.2019;371;370
25.04.2019;389;391
26.04.2019;386;393
27.04.2019;357;359
28.04.2019;388;381
29.04.2019;384;381
30.04.2019;363;366
01.05.2019;368;374
02.05.2019;377;378
03.05.2019;393;393
04.05.2019;358;357
05.05.2019;390;375
06.05.2019;390;391
07.05.2019;389;389
08.05.2019;388;390
09.05.2019;377;381
10.05.2019;406;405
11.05.2019;358;363
12.05.2019;377;379
13.05.2019;409;394
14.05.2019;370;379
15.05.2019;406;394
16.05.2019;396;406
17.05.2019;407;410
18.05.2019;355;351
19.05.2019;384;386
20.05.2019;402;393
21.05.2019;366;374
22.05.2019;396;387
23.05.2019;394;401
24.05.2019;415;409
25.05.2019;355;361
26.05.2019;385;382
27.05.2019;405;407
28.05.2019;373;374
29.05.2019;406;408
30.05.2019;376;388
31.05.2019;399;398
01.06.2019;361;365
02.06.2019;425;406
03.06.2019;399;403
04.06.2019;380;382
05.06.2019;417;415
06.06.2019;393;392
07.06.2019;423;429
08.06.2019;362;366
09.06.2019;395;395
10.06.2019;412;389
11.06.2019;401;405
12.06.2019;422;423
13.06.2019;408;414
14.06.2019;417;418
15.06.2019;373;371
16.06.2019;406;406
17.06.2019;409;414
18.06.2019;387;394
19.06.2019;419;420
20.06.2019;397;402
21.06.2019;414;414
22.06.2019;368;369
23.06.2019;404;401
24.06.2019;414;412
25.06.2019;400;393
26.06.2019;410;416
27.06.2019;393;400
28.06.2019;411;413
29.06.2019;374;379
30.06.2019;413;410
01.07.2019;409;403
02.07.2019;398;406
03.07.2019;414;409
04.07.2019;415;418
05.07.2019;422;437
06.07.2019;375;380
07.07.2019;396;387
08.07.2019;420;411
09.07.2019;402;402
10.07.2019;421;419
11.07.2019;406;414
12.07.2019;418;417
13.07.2019;391;398
14.07.2019;416;424
15.07.2019;414;404
16.07.2019;384;389
17.07.2019;406;407
18.07.2019;414;415
19.07.2019;413;422
20.07.2019;372;377
21.07.2019;409;397
22.07.2019;419;411
23.07.2019;393;388
24.07.2019;411;419
25.07.2019;404;407
26.07.2019;410;408
27.07.2019;373;384
28.07.2019;406;401
29.07.2019;412;407
30.07.2019;381;386
31.07.2019;407;409
01.08.2019;385;388
02.08.2019;400;395
03.08.2019;377;377
04.08.2019;406;413
05.08.2019;410;402
06.08.2019;381;376
07.08.2019;386;385
08.08.2019;393;396
09.08.2019;396;401
10.08.2019;376;383
11.08.2019;401;400
12.08.2019;410;397
13.08.2019;379;384
14.08.2019;401;402
15.08.2019;395;394
16.08.2019;404;410
17.08.2019;384;384
18.08.2019;411;414
19.08.2019;406;408
20.08.2019;387;381
21.08.2019;401;399
22.08.2019;394;389
23.08.2019;423;421
24.08.2019;371;375
25.08.2019;397;403
26.08.2019;404;401
27.08.2019;389;379
28.08.2019;402;413
29.08.2019;400;399
30.08.2019;416;418
31.08.2019;371;368
01.09.2019;392;396
02.09.2019;414;406
03.09.2019;409;393
04.09.2019;414;419
05.09.2019;400;408
06.09.2019;402;409
07.09.2019;360;355
08.09.2019;409;406
09.09.2019;405;403
10.09.2019;382;381
11.09.2019;418;416
12.09.2019;404;412
13.09.2019;409;419
14.09.2019;365;361
15.09.2019;399;405
16.09.2019;411;408
17.09.2019;387;383
18.09.2019;406;402
19.09.2019;408;414
20.09.2019;405;409
21.09.2019;357;359
22.09.2019;406;407
23.09.2019;400;404
24.09.2019;386;380
25.09.2019;403;404
26.09.2019;400;399
27.09.2019;411;413
28.09.2019;366;368
29.09.2019;407;401
30.09.2019;399;394
01.10.2019;371;374
02.10.2019;407;400
03.10.2019;392;392
04.10.2019;412;419
05.10.2019;373;376
06.10.2019;402;399
07.10.2019;393;397
08.10.2019;380;372
09.10.2019;403;409
10.10.2019;391;398
11.10.2019;413;418
12.10.2019;361;361
13.10.2019;402;397
14.10.2019;395;398
15.10.2019;348;345
16.10.2019;378;380
17.10.2019;384;393
18.10.2019;398;403
19.10.2019;380;371
20.10.2019;405;398
21.10.2019;397;399
22.10.2019;372;372
23.10.2019;382;381
24.10.2019;397;393
25.10.2019;390;400
26.10.2019;348;348
27.10.2019;354;354
28.10.2019;352;349
29.10.2019;327;319
30.10.2019;343;352
31.10.2019;355;353
01.11.2019;353;352
02.11.2019;277;282
03.11.2019;328;324
04.11.2019;348;342
05.11.2019;327;325
06.11.2019;335;343
07.11.2019;330;328
08.11.2019;358;361
09.11.2019;286;280
10.11.2019;333;343
11.11.2019;336;336
12.11.2019;311;302
13.11.2019;326;329
14.11.2019;326;329
15.11.2019;357;360
16.11.2019;278;272
17.11.2019;332;331
18.11.2019;345;341
19.11.2019;318;316
20.11.2019;343;342
21.11.2019;331;341
22.11.2019;359;358
23.11.2019;272;270
24.11.2019;322;330
25.11.2019;334;331
26.11.2019;316;312
27.11.2019;330;327
28.11.2019;339;339
29.11.2019;351;350
30.11.2019;256;262
01.12.2019;326;333
02.12.2019;335;334
03.12.2019;305;306
04.12.2019;330;339
05.12.2019;329;330
06.12.2019;352;346
07.12.2019;261;266
08.12.2019;328;321
09.12.2019;357;355
10.12.2019;310;310
11.12.2019;336;348
12.12.2019;344;338
13.12.2019;353;350
14.12.2019;282;282
15.12.2019;330;326
16.12.2019;338;342
17.12.2019;312;312
18.12.2019;337;339
19.12.2019;353;348
20.12.2019;368;379
21.12.2019;319;319
22.12.2019;343;333
23.12.2019;331;337
24.12.2019;272;267
25.12.2019;259;260
26.12.2019;321;325
27.12.2019;342;349
28.12.2019;290;286
29.12.2019;315;315
30.12.2019;313;314
31.12.2019;264;264
01.01.2020;280;283
02.01.2020;335;331
03.01.2020;333;338
04.01.2020;299;297
05.01.2020;350;347
06.01.2020;325;329
07.01.2020;309;300
08.01.2020;310;320
09.01.2020;323;325
10.01.2020;343;347
11.01.2020;271;273
12.01.2020;336;317
13.01.2020;312;315
14.01.2020;298;296
15.01.2020;327;327
16.01.2020;326;328
17.01.2020;342;349
18.01.2020;268;275
19.01.2020;350;348
20.01.2020;391;368
21.01.2020;358;324
22.01.2020;334;342
23.01.2020;343;377
24.01.2020;401;418
25.01.2020;266;281
26.01.2020;329;317
27.01.2020;313;320
28.01.2020;293;289
29.01.2020;319;316
30.01.2020;322;317
31.01.2020;334;336
